<?xml version="1.0" encoding="UTF-8"?>
<project-private xmlns="http://www.netbeans.org/ns/project-private/1">
    <editor-bookmarks xmlns="http://www.netbeans.org/ns/editor-bookmarks/2" lastBookmarkId="0"/>
    <open-files xmlns="http://www.netbeans.org/ns/projectui-open-files/2">
        <group>
            <file>file:/Users/frankcoenen/NetBeansProjects/WoordenApplicatie/src/woordenapplicatie/WoordenApplicatie.java</file>
            <file>file:/Users/frankcoenen/NetBeansProjects/WoordenApplicatie/src/woordenapplicatie/controller/WoordenController.java</file>
            <file>file:/Users/frankcoenen/NetBeansProjects/WoordenApplicatie/src/woordenapplicatie/view/Woorden.fxml</file>
        </group>
    </open-files>
</project-private>
